section_name,section_type,channel_type,section_number,unit,river_mile,latitude,longitude
hatchery riffle,permanent,LFC,1,23,1,39.51589308111142,-121.5551415427545
hatchery riffle,permanent,LFC,1,24,1,39.51589308111142,-121.5551415427545
hatchery riffle,permanent,LFC,1,25,1,39.51589308111142,-121.5551415427545
hatchery riffle,permanent,LFC,1,19,1,39.51589308111142,-121.5551415427545
hatchery ditch,permanent,LFC,2,26,1,39.516017,-121.558817
hatchery ditch,permanent,LFC,3,28,1,39.516017,-121.558817
hatchery ditch,permanent,LFC,2,33,1,39.516017,-121.558817
auditorium riffle,permanent,LFC,4,29,1,39.51572749683782,-121.55724996434388
auditorium riffle,permanent,LFC,4,30,1,39.51572749683782,-121.55724996434388
auditorium riffle,permanent,LFC,4,31,1,39.51572749683782,-121.55724996434388
auditorium riffle,permanent,LFC,4,32,1,39.51572749683782,-121.55724996434388
bedrock riffle,permanent,LFC,5,55,2,39.512278526351245,-121.56969508278982
bedrock riffle,permanent,LFC,5,56,2,39.512278526351245,-121.56969508278982
trailer park riffle,permanent,LFC,6,96,3,39.49584241854057,-121.57971616310243
trailer park riffle,permanent,LFC,6,97,3,39.49584241854057,-121.57971616310243
trailer park riffle,permanent,LFC,6,98,3,39.49584241854057,-121.57971616310243
matthews riffle,permanent,LFC,7,103,3,39.491579661721076,-121.5790352595597
matthews riffle,permanent,LFC,7,104,3,39.491579661721076,-121.5790352595597
matthews riffle,permanent,LFC,7,105,3,39.491579661721076,-121.5790352595597
aleck riffle,permanent,LFC,8,119,4,39.48331386310063,-121.5794592026649
aleck riffle,permanent,LFC,8,120,4,39.48331386310063,-121.5794592026649
robinson riffle,permanent,LFC,9,169,6,39.46658078193731,-121.59868349549524
robinson riffle,permanent,LFC,9,170,6,39.46658078193731,-121.59868349549524
robinson riffle,permanent,LFC,9,171,6,39.46658078193731,-121.59868349549524
robinson riffle,permanent,LFC,9,173,6,39.46658078193731,-121.59868349549524
robinson riffle,permanent,LFC,9,174,6,39.46658078193731,-121.59868349549524
robinson riffle,permanent,LFC,9,175,6,39.46658078193731,-121.59868349549524
steep riffle,permanent,LFC,10,185,7,39.46237832680189,-121.60398233995551
steep riffle,permanent,LFC,10,189,7,39.46237832680189,-121.60398233995551
eye riffle,permanent,LFC,11,215A,7,39.457176712788495,-121.61376644684658
eye riffle,permanent,LFC,11,216,7,39.457176712788495,-121.61376644684658
eye riffle,permanent,LFC,11,215B,7,39.457176712788495,-121.61376644684658
eye riffle,permanent,LFC,11,217,7,39.457176712788495,-121.61376644684658
eye riffle,permanent,LFC,11,210,7,39.457176712788495,-121.61376644684658
gateway riffle,permanent,LFC,12,221,8,39.457075398277325,-121.62402827803733
gateway riffle,permanent,LFC,12,225,8,39.457075398277325,-121.62402827803733
gateway riffle,permanent,LFC,12,226,8,39.457075398277325,-121.62402827803733
gateway riffle,permanent,LFC,12,229,8,39.457075398277325,-121.62402827803733
gateway riffle,permanent,LFC,12,228,8,39.457075398277325,-121.62402827803733
vance riffle,permanent,HFC,13,268,9,39.450075629498,-121.6387685884971
vance riffle,permanent,HFC,13,266,9,39.450075629498,-121.6387685884971
g95,permanent,HFC,14,323A,10,39.43055471091409,-121.63162079499759
g95,permanent,HFC,14,323B,10,39.43055471091409,-121.63162079499759
kiester riffle,permanent,HFC,15,402,13,39.40739318578828,-121.61657523010796
kiester riffle,permanent,HFC,15,403,13,39.40739318578828,-121.61657523010796
kiester riffle,permanent,HFC,15,397,12,39.40739318578828,-121.61657523010796
goose riffle,permanent,HFC,16,408,13,39.4041048388296,-121.61848955678974
big riffle,permanent,HFC,17,424,14,39.393458161739765,-121.62212765497418
big riffle,permanent,HFC,17,426,14,39.393458161739765,-121.62212765497418
mcfarland,permanent,HFC,18,441,15,39.37535868902367,-121.63304364637244
mcfarland,permanent,HFC,18,445,15,39.37535868902367,-121.63304364637244
mcfarland,permanent,HFC,18,450,15,39.37535868902367,-121.63304364637244
gridley riffle,permanent,HFC,19,486,18,39.35481535844486,-121.62985922818218
gridley riffle,permanent,HFC,19,487,18,39.35481535844486,-121.62985922818218
junkyard riffle,permanent,HFC,20,499,19,39.34668877932123,-121.62786164802617
junkyard riffle,permanent,HFC,20,502,19,39.34668877932123,-121.62786164802617
NA,random,LFC,NA,29A,1,38.79804387,-121.63278671
NA,random,LFC,NA,27,1,38.79804387,-121.63278671
NA,random,LFC,NA,172,6,38.86586389,-121.62110059
NA,random,LFC,NA,31A,1,38.79804387,-121.63278671
NA,random,LFC,NA,177,6,38.86586389,-121.62110059
NA,random,LFC,NA,183,6,38.86586389,-121.62110059
NA,random,HFC,NA,267,9,38.89866731,-121.58916889
NA,random,LFC,NA,21,1,38.79804387,-121.63278671
NA,random,LFC,NA,20,1,38.79804387,-121.63278671
NA,random,LFC,NA,200,7,38.8793502,-121.6130177
NA,random,LFC,NA,215,7,38.8793502,-121.6130177
NA,random,HFC,NA,352,11,38.91916367,-121.57818818
NA,random,HFC,NA,355,11,38.91916367,-121.57818818
NA,random,HFC,NA,356,11,38.91916367,-121.57818818
NA,random,HFC,NA,358,11,38.91916367,-121.57818818
NA,random,HFC,NA,362,11,38.91916367,-121.57818818
NA,random,HFC,NA,370,11,38.91916367,-121.57818818
NA,random,HFC,NA,365,11,38.91916367,-121.57818818
NA,random,HFC,NA,405,13,38.94749994,-121.57877344
NA,random,HFC,NA,406,13,38.94749994,-121.57877344
NA,random,HFC,NA,407,13,38.94749994,-121.57877344
NA,random,HFC,NA,410,13,38.94749994,-121.57877344
NA,random,HFC,NA,446,15,38.97272228,-121.58722812
NA,random,HFC,NA,448,15,38.97272228,-121.58722812
NA,random,HFC,NA,451,15,38.97272228,-121.58722812
NA,random,HFC,NA,452,15,38.97272228,-121.58722812
NA,random,LFC,NA,176,6,38.86586389,-121.62110059
NA,random,LFC,NA,121,4,38.83876325,-121.63445457
NA,random,LFC,NA,124,4,38.83876325,-121.63445457
NA,random,LFC,NA,126,4,38.83876325,-121.63445457
NA,random,LFC,NA,127,4,38.83876325,-121.63445457
NA,random,LFC,NA,122,4,38.83876325,-121.63445457
NA,random,LFC,NA,224,8,38.89092199,-121.60490942
NA,random,HFC,NA,413,13,38.94749994,-121.57877344
NA,random,HFC,NA,409,13,38.94749994,-121.57877344
NA,random,HFC,NA,411,13,38.94749994,-121.57877344
NA,random,HFC,NA,453,15,38.97272228,-121.58722812
NA,random,LFC,NA,205,7,38.8793502,-121.6130177
NA,random,LFC,NA,100,3,38.82548564,-121.64055563
NA,random,LFC,NA,178,6,38.86586389,-121.62110059
NA,random,LFC,NA,121A,4,38.83876325,-121.63445457
NA,random,LFC,NA,54,2,38.81166697,-121.63628457
NA,random,LFC,NA,165,6,38.86586389,-121.62110059
NA,random,LFC,NA,192,7,38.8793502,-121.6130177
NA,random,LFC,NA,191,7,38.8793502,-121.6130177
NA,random,HFC,NA,297,10,38.90815056,-121.58217129
NA,random,HFC,NA,306,10,38.90815056,-121.58217129
NA,random,HFC,NA,299,10,38.90815056,-121.58217129
NA,random,HFC,NA,329,10,38.90815056,-121.58217129
NA,random,HFC,NA,335,11,38.91916367,-121.57818818
NA,random,HFC,NA,331,10,38.90815056,-121.58217129
NA,random,HFC,NA,330,10,38.90815056,-121.58217129
NA,random,HFC,NA,334,11,38.91916367,-121.57818818
NA,random,LFC,NA,102,3,38.82548564,-121.64055563
NA,random,LFC,NA,108,4,38.83876325,-121.63445457
NA,random,LFC,NA,197,7,38.8793502,-121.6130177
NA,random,LFC,NA,207,7,38.8793502,-121.6130177
NA,random,LFC,NA,233,8,38.89092199,-121.60490942
NA,random,LFC,NA,236,8,38.89092199,-121.60490942
NA,random,HFC,NA,269,9,38.89866731,-121.58916889
NA,random,HFC,NA,270,9,38.89866731,-121.58916889
NA,random,HFC,NA,271,9,38.89866731,-121.58916889
NA,random,HFC,NA,273,9,38.89866731,-121.58916889
NA,random,HFC,NA,274,9,38.89866731,-121.58916889
NA,random,HFC,NA,276,9,38.89866731,-121.58916889
NA,random,HFC,NA,278,9,38.89866731,-121.58916889
NA,random,HFC,NA,282,9,38.89866731,-121.58916889
NA,random,HFC,NA,284,9,38.89866731,-121.58916889
NA,random,HFC,NA,288,9,38.89866731,-121.58916889
NA,random,HFC,NA,296,10,38.90815056,-121.58217129
NA,random,HFC,NA,303,10,38.90815056,-121.58217129
NA,random,HFC,NA,304,10,38.90815056,-121.58217129
NA,random,HFC,NA,309,10,38.90815056,-121.58217129
NA,random,HFC,NA,310,10,38.90815056,-121.58217129
NA,random,LFC,NA,166,6,38.86586389,-121.62110059
NA,random,LFC,NA,179,6,38.86586389,-121.62110059
NA,random,LFC,NA,22,1,38.79804387,-121.63278671
NA,random,LFC,NA,46,1,38.79804387,-121.63278671
NA,random,LFC,NA,39,1,38.79804387,-121.63278671
NA,random,LFC,NA,42,1,38.79804387,-121.63278671
NA,random,LFC,NA,59,2,38.81166697,-121.63628457
NA,random,LFC,NA,1,1,38.79804387,-121.63278671
NA,random,LFC,NA,5,1,38.79804387,-121.63278671
NA,random,LFC,NA,10,1,38.79804387,-121.63278671
NA,random,LFC,NA,8,1,38.79804387,-121.63278671
NA,random,LFC,NA,35,1,38.79804387,-121.63278671
NA,random,LFC,NA,34,1,38.79804387,-121.63278671
NA,random,LFC,NA,38,1,38.79804387,-121.63278671
NA,random,LFC,NA,6,1,38.79804387,-121.63278671
NA,random,LFC,NA,7,1,38.79804387,-121.63278671
NA,random,LFC,NA,9,1,38.79804387,-121.63278671
NA,random,LFC,NA,51,2,38.81166697,-121.63628457
NA,random,LFC,NA,52,2,38.81166697,-121.63628457
NA,random,HFC,NA,449,15,38.97272228,-121.58722812
NA,random,HFC,NA,412,13,38.94749994,-121.57877344
NA,random,LFC,NA,180,6,38.86586389,-121.62110059
NA,random,LFC,NA,125,4,38.83876325,-121.63445457
NA,random,HFC,NA,484,18,39.00985902,-121.58391379
NA,random,HFC,NA,485,18,39.00985902,-121.58391379
NA,random,HFC,NA,388,12,38.93282719,-121.58184511
NA,random,HFC,NA,328,10,38.90815056,-121.58217129
NA,random,HFC,NA,364,11,38.91916367,-121.57818818
NA,random,HFC,NA,367,11,38.91916367,-121.57818818
NA,random,HFC,NA,361,11,38.91916367,-121.57818818
NA,random,HFC,NA,454,15,38.97272228,-121.58722812
NA,random,LFC,NA,123,4,38.83876325,-121.63445457
NA,random,LFC,NA,193,7,38.8793502,-121.6130177
NA,random,HFC,NA,337,11,38.91916367,-121.57818818
NA,random,LFC,NA,198,7,38.8793502,-121.6130177
NA,random,LFC,NA,199,7,38.8793502,-121.6130177
NA,random,LFC,NA,208,7,38.8793502,-121.6130177
NA,random,LFC,NA,241,8,38.89092199,-121.60490942
NA,random,HFC,NA,275,9,38.89866731,-121.58916889
NA,random,HFC,NA,283,9,38.89866731,-121.58916889
NA,random,HFC,NA,295,10,38.90815056,-121.58217129
NA,random,HFC,NA,305,10,38.90815056,-121.58217129
NA,random,HFC,NA,311,10,38.90815056,-121.58217129
NA,random,LFC,NA,37,1,38.79804387,-121.63278671
NA,random,LFC,NA,12,1,38.79804387,-121.63278671
NA,random,LFC,NA,11,1,38.79804387,-121.63278671
NA,random,LFC,NA,50,2,38.81166697,-121.63628457
NA,random,HFC,NA,483,18,39.00985902,-121.58391379
NA,random,HFC,NA,308,10,38.90815056,-121.58217129
NA,random,HFC,NA,272,9,38.89866731,-121.58916889
NA,random,HFC,NA,290,9,38.89866731,-121.58916889
NA,random,HFC,NA,387,12,38.93282719,-121.58184511
NA,random,HFC,NA,336,11,38.91916367,-121.57818818
NA,random,LFC,NA,213,7,38.8793502,-121.6130177
NA,random,LFC,NA,237,8,38.89092199,-121.60490942
NA,random,LFC,NA,36,1,38.79804387,-121.63278671
NA,random,HFC,NA,359,11,38.91916367,-121.57818818
NA,random,HFC,NA,289,9,38.89866731,-121.58916889
NA,random,HFC,NA,294,10,38.90815056,-121.58217129
NA,random,HFC,NA,500,19,39.0141441,-121.59928344
NA,random,LFC,NA,107,4,38.83876325,-121.63445457
NA,random,LFC,NA,106,4,38.83876325,-121.63445457
NA,random,LFC,NA,227,8,38.89092199,-121.60490942
NA,random,NA,NA,HGSC,NA,39.35596140694254,-121.6320712744629
NA,random,NA,NA,HPRL,NA,39.31489994658549,-121.6236714194825
NA,random,NA,NA,CF,NA,39.33551299660206,-121.6319202449533
NA,random,NA,NA,BRB,NA,39.39067859002783,-121.6226321392267
NA,random,NA,NA,HTPSC,NA,39.41262369973721,-121.6271981300379
NA,random,NA,NA,UHSC,NA,39.42096731730246,-121.6242949214489
NA,random,NA,NA,SEC2,NA,39.51610083403059,-121.5533257602825
NA,random,LFC,NA,235,8,38.89092199,-121.60490942
NA,random,LFC,NA,164,6,38.86586389,-121.62110059
NA,random,LFC,NA,167,6,38.86586389,-121.62110059
NA,random,LFC,NA,161,5,38.852946,-121.62994541
NA,random,LFC,NA,162,5,38.852946,-121.62994541
NA,random,HFC,NA,351,11,38.91916367,-121.57818818
NA,random,HFC,NA,368,11,38.91916367,-121.57818818
NA,random,LFC,NA,163,5,38.852946,-121.62994541
NA,random,LFC,NA,99,3,38.82548564,-121.64055563
NA,random,NA,NA,RBUB,NA,39.5078583091067,-121.5775597296587
NA,random,LFC,NA,118,4,38.83876325,-121.63445457
NA,NA,LFC,NA,2,1,38.79804387,-121.63278671
NA,NA,LFC,NA,4,1,38.79804387,-121.63278671
NA,NA,LFC,NA,13,1,38.79804387,-121.63278671
NA,NA,LFC,NA,14,1,38.79804387,-121.63278671
NA,NA,LFC,NA,16,1,38.79804387,-121.63278671
NA,NA,LFC,NA,17,1,38.79804387,-121.63278671
NA,NA,LFC,NA,18,1,38.79804387,-121.63278671
NA,NA,LFC,NA,30A,1,38.79804387,-121.63278671
NA,NA,LFC,NA,41,1,38.79804387,-121.63278671
NA,NA,LFC,NA,43,1,38.79804387,-121.63278671
NA,NA,LFC,NA,45,1,38.79804387,-121.63278671
NA,NA,LFC,NA,47,1,38.79804387,-121.63278671
NA,NA,LFC,NA,49,1,38.79804387,-121.63278671
NA,NA,LFC,NA,53,2,38.81166697,-121.63628457
NA,NA,LFC,NA,57,2,38.81166697,-121.63628457
NA,NA,LFC,NA,58,2,38.81166697,-121.63628457
NA,NA,LFC,NA,61,2,38.81166697,-121.63628457
NA,NA,LFC,NA,62,2,38.81166697,-121.63628457
NA,NA,LFC,NA,63,2,38.81166697,-121.63628457
NA,NA,LFC,NA,65,2,38.81166697,-121.63628457
NA,NA,LFC,NA,66,2,38.81166697,-121.63628457
NA,NA,LFC,NA,67,2,38.81166697,-121.63628457
NA,NA,LFC,NA,69,2,38.81166697,-121.63628457
NA,NA,LFC,NA,70,2,38.81166697,-121.63628457
NA,NA,LFC,NA,130,4,38.83876325,-121.63445457
NA,NA,LFC,NA,133,4,38.83876325,-121.63445457
NA,NA,LFC,NA,137,5,38.852946,-121.62994541
NA,NA,LFC,NA,141,5,38.852946,-121.62994541
NA,NA,LFC,NA,145,5,38.852946,-121.62994541
NA,NA,LFC,NA,149,5,38.852946,-121.62994541
NA,NA,LFC,NA,153,5,38.852946,-121.62994541
NA,NA,LFC,NA,157,5,38.852946,-121.62994541
NA,NA,LFC,NA,184,6,38.86586389,-121.62110059
NA,NA,LFC,NA,188,7,38.8793502,-121.6130177
NA,NA,LFC,NA,196,7,38.8793502,-121.6130177
NA,NA,LFC,NA,203,7,38.8793502,-121.6130177
NA,NA,LFC,NA,211,7,38.8793502,-121.6130177
NA,NA,LFC,NA,220,8,38.89092199,-121.60490942
NA,NA,LFC,NA,232,8,38.89092199,-121.60490942
NA,NA,LFC,NA,240,8,38.89092199,-121.60490942
NA,NA,LFC,NA,244,8,38.89092199,-121.60490942
NA,NA,HFC,NA,248,9,38.89866731,-121.58916889
NA,NA,HFC,NA,252,9,38.89866731,-121.58916889
NA,NA,HFC,NA,255,9,38.89866731,-121.58916889
NA,NA,HFC,NA,259,9,38.89866731,-121.58916889
NA,NA,HFC,NA,263,9,38.89866731,-121.58916889
NA,NA,HFC,NA,279,9,38.89866731,-121.58916889
NA,NA,HFC,NA,286,9,38.89866731,-121.58916889
NA,NA,HFC,NA,298,10,38.90815056,-121.58217129
NA,NA,HFC,NA,302,10,38.90815056,-121.58217129
NA,NA,HFC,NA,314,10,38.90815056,-121.58217129
NA,NA,HFC,NA,318,10,38.90815056,-121.58217129
NA,NA,HFC,NA,322,10,38.90815056,-121.58217129
NA,NA,HFC,NA,324,10,38.90815056,-121.58217129
NA,NA,HFC,NA,333,11,38.91916367,-121.57818818
NA,NA,HFC,NA,341,11,38.91916367,-121.57818818
NA,NA,HFC,NA,345,11,38.91916367,-121.57818818
NA,NA,HFC,NA,349,11,38.91916367,-121.57818818
NA,NA,HFC,NA,353,11,38.91916367,-121.57818818
NA,NA,HFC,NA,357,11,38.91916367,-121.57818818
NA,NA,HFC,NA,369,11,38.91916367,-121.57818818
NA,NA,HFC,NA,373,12,38.93282719,-121.58184511
NA,NA,HFC,NA,377,12,38.93282719,-121.58184511
NA,NA,HFC,NA,381,12,38.93282719,-121.58184511
NA,NA,HFC,NA,385,12,38.93282719,-121.58184511
NA,NA,HFC,NA,389,12,38.93282719,-121.58184511
NA,NA,HFC,NA,393,12,38.93282719,-121.58184511
NA,NA,HFC,NA,401,13,38.94749994,-121.57877344
NA,NA,HFC,NA,414,13,38.94749994,-121.57877344
NA,NA,HFC,NA,418,13,38.94749994,-121.57877344
NA,NA,HFC,NA,422,13,38.94749994,-121.57877344
NA,NA,HFC,NA,430,14,38.95966364,-121.5808984
NA,NA,HFC,NA,434,14,38.95966364,-121.5808984
NA,NA,HFC,NA,438,15,38.97272228,-121.58722812
NA,NA,HFC,NA,442,15,38.97272228,-121.58722812
NA,NA,HFC,NA,458,16,38.98539571,-121.5883151
NA,NA,HFC,NA,462,16,38.98539571,-121.5883151
NA,NA,HFC,NA,466,16,38.98539571,-121.5883151
NA,NA,HFC,NA,470,17,38.99908664,-121.58381954
NA,NA,HFC,NA,474,17,38.99908664,-121.58381954
NA,NA,HFC,NA,478,18,39.00985902,-121.58391379
NA,NA,HFC,NA,482,18,39.00985902,-121.58391379
NA,NA,HFC,NA,490,18,39.00985902,-121.58391379
NA,NA,HFC,NA,494,18,39.00985902,-121.58391379
NA,NA,HFC,NA,498,19,39.0141441,-121.59928344
NA,NA,HFC,NA,506,19,39.0141441,-121.59928344
NA,NA,HFC,NA,510,19,39.0141441,-121.59928344
NA,NA,HFC,NA,514,20,39.02679078,-121.59815789
NA,NA,HFC,NA,518,20,39.02679078,-121.59815789
NA,NA,HFC,NA,522,20,39.02679078,-121.59815789
NA,NA,HFC,NA,526,21,39.0388432,-121.60781445
NA,NA,HFC,NA,530,21,39.0388432,-121.60781445
NA,NA,HFC,NA,534,21,39.0388432,-121.60781445
NA,NA,HFC,NA,538,21,39.0388432,-121.60781445
NA,NA,HFC,NA,542,21,39.0388432,-121.60781445
NA,NA,LFC,NA,MOES,1,38.79804387,-121.63278671
NA,NA,LFC,NA,71,2,38.81166697,-121.63628457
NA,NA,LFC,NA,73,2,38.81166697,-121.63628457
NA,NA,LFC,NA,74,2,38.81166697,-121.63628457
NA,NA,LFC,NA,75,2,38.81166697,-121.63628457
NA,NA,LFC,NA,77,2,38.81166697,-121.63628457
NA,NA,LFC,NA,78,2,38.81166697,-121.63628457
NA,NA,LFC,NA,79,2,38.81166697,-121.63628457
NA,NA,LFC,NA,81,3,38.82548564,-121.64055563
NA,NA,LFC,NA,82,3,38.82548564,-121.64055563
NA,NA,LFC,NA,83,3,38.82548564,-121.64055563
NA,NA,LFC,NA,85,3,38.82548564,-121.64055563
NA,NA,LFC,NA,86,3,38.82548564,-121.64055563
NA,NA,LFC,NA,87,3,38.82548564,-121.64055563
NA,NA,LFC,NA,89,3,38.82548564,-121.64055563
NA,NA,LFC,NA,90,3,38.82548564,-121.64055563
NA,NA,LFC,NA,91,3,38.82548564,-121.64055563
NA,NA,LFC,NA,93,3,38.82548564,-121.64055563
NA,NA,LFC,NA,94,3,38.82548564,-121.64055563
NA,NA,LFC,NA,95,3,38.82548564,-121.64055563
NA,NA,LFC,NA,101,3,38.82548564,-121.64055563
NA,NA,LFC,NA,109,4,38.83876325,-121.63445457
NA,NA,LFC,NA,110,4,38.83876325,-121.63445457
NA,NA,LFC,NA,112,4,38.83876325,-121.63445457
NA,NA,LFC,NA,113,4,38.83876325,-121.63445457
NA,NA,LFC,NA,114,4,38.83876325,-121.63445457
NA,NA,LFC,NA,116,4,38.83876325,-121.63445457
NA,NA,LFC,NA,117,4,38.83876325,-121.63445457
NA,NA,LFC,NA,128,4,38.83876325,-121.63445457
NA,NA,LFC,NA,129,4,38.83876325,-121.63445457
NA,NA,LFC,NA,131,4,38.83876325,-121.63445457
NA,NA,LFC,NA,132,4,38.83876325,-121.63445457
NA,NA,LFC,NA,134,4,38.83876325,-121.63445457
NA,NA,LFC,NA,135,4,38.83876325,-121.63445457
NA,NA,LFC,NA,136,4,38.83876325,-121.63445457
NA,NA,LFC,NA,138,5,38.852946,-121.62994541
NA,NA,LFC,NA,139,5,38.852946,-121.62994541
NA,NA,LFC,NA,140,5,38.852946,-121.62994541
NA,NA,LFC,NA,142,5,38.852946,-121.62994541
NA,NA,LFC,NA,143,5,38.852946,-121.62994541
NA,NA,LFC,NA,144,5,38.852946,-121.62994541
NA,NA,LFC,NA,146,5,38.852946,-121.62994541
NA,NA,LFC,NA,147,5,38.852946,-121.62994541
NA,NA,LFC,NA,148,5,38.852946,-121.62994541
NA,NA,LFC,NA,150,5,38.852946,-121.62994541
NA,NA,LFC,NA,151,5,38.852946,-121.62994541
NA,NA,LFC,NA,152,5,38.852946,-121.62994541
NA,NA,LFC,NA,154,5,38.852946,-121.62994541
NA,NA,LFC,NA,155,5,38.852946,-121.62994541
NA,NA,LFC,NA,156,5,38.852946,-121.62994541
NA,NA,LFC,NA,158,5,38.852946,-121.62994541
NA,NA,LFC,NA,159,5,38.852946,-121.62994541
NA,NA,LFC,NA,160,5,38.852946,-121.62994541
NA,NA,LFC,NA,168,6,38.86586389,-121.62110059
NA,NA,LFC,NA,181,6,38.86586389,-121.62110059
NA,NA,LFC,NA,182,6,38.86586389,-121.62110059
NA,NA,LFC,NA,186,7,38.8793502,-121.6130177
NA,NA,LFC,NA,187,7,38.8793502,-121.6130177
NA,NA,LFC,NA,190,7,38.8793502,-121.6130177
NA,NA,LFC,NA,194,7,38.8793502,-121.6130177
NA,NA,LFC,NA,195,7,38.8793502,-121.6130177
NA,NA,LFC,NA,201,7,38.8793502,-121.6130177
NA,NA,LFC,NA,202,7,38.8793502,-121.6130177
NA,NA,LFC,NA,204,7,38.8793502,-121.6130177
NA,NA,LFC,NA,206,7,38.8793502,-121.6130177
NA,NA,LFC,NA,209,7,38.8793502,-121.6130177
NA,NA,LFC,NA,212,7,38.8793502,-121.6130177
NA,NA,LFC,NA,214,7,38.8793502,-121.6130177
NA,NA,LFC,NA,218,8,38.89092199,-121.60490942
NA,NA,LFC,NA,219,8,38.89092199,-121.60490942
NA,NA,LFC,NA,222,8,38.89092199,-121.60490942
NA,NA,LFC,NA,223,8,38.89092199,-121.60490942
NA,NA,LFC,NA,230,8,38.89092199,-121.60490942
NA,NA,LFC,NA,231,8,38.89092199,-121.60490942
NA,NA,LFC,NA,234,8,38.89092199,-121.60490942
NA,NA,LFC,NA,238,8,38.89092199,-121.60490942
NA,NA,LFC,NA,239,8,38.89092199,-121.60490942
NA,NA,LFC,NA,242,8,38.89092199,-121.60490942
NA,NA,LFC,NA,243,8,38.89092199,-121.60490942
NA,NA,LFC,NA,245,8,38.89092199,-121.60490942
NA,NA,LFC,NA,246,8,38.89092199,-121.60490942
NA,NA,LFC,NA,247,8,38.89092199,-121.60490942
NA,NA,HFC,NA,249,9,38.89866731,-121.58916889
NA,NA,HFC,NA,250,9,38.89866731,-121.58916889
NA,NA,HFC,NA,251,9,38.89866731,-121.58916889
NA,NA,HFC,NA,253,9,38.89866731,-121.58916889
NA,NA,HFC,NA,254,9,38.89866731,-121.58916889
NA,NA,HFC,NA,256,9,38.89866731,-121.58916889
NA,NA,HFC,NA,257,9,38.89866731,-121.58916889
NA,NA,HFC,NA,258,9,38.89866731,-121.58916889
NA,NA,HFC,NA,260,9,38.89866731,-121.58916889
NA,NA,HFC,NA,261,9,38.89866731,-121.58916889
NA,NA,HFC,NA,262,9,38.89866731,-121.58916889
NA,NA,HFC,NA,264,9,38.89866731,-121.58916889
NA,NA,HFC,NA,265,9,38.89866731,-121.58916889
NA,NA,HFC,NA,277,9,38.89866731,-121.58916889
NA,NA,HFC,NA,280,9,38.89866731,-121.58916889
NA,NA,HFC,NA,281,9,38.89866731,-121.58916889
NA,NA,HFC,NA,285,9,38.89866731,-121.58916889
NA,NA,HFC,NA,287,9,38.89866731,-121.58916889
NA,NA,HFC,NA,291,10,38.90815056,-121.58217129
NA,NA,HFC,NA,292,10,38.90815056,-121.58217129
NA,NA,HFC,NA,293,10,38.90815056,-121.58217129
NA,NA,HFC,NA,300,10,38.90815056,-121.58217129
NA,NA,HFC,NA,301,10,38.90815056,-121.58217129
NA,NA,HFC,NA,307,10,38.90815056,-121.58217129
NA,NA,HFC,NA,312,10,38.90815056,-121.58217129
NA,NA,HFC,NA,313,10,38.90815056,-121.58217129
NA,NA,HFC,NA,315,10,38.90815056,-121.58217129
NA,NA,HFC,NA,316,10,38.90815056,-121.58217129
NA,NA,HFC,NA,317,10,38.90815056,-121.58217129
NA,NA,HFC,NA,319,10,38.90815056,-121.58217129
NA,NA,HFC,NA,320,10,38.90815056,-121.58217129
NA,NA,HFC,NA,321,10,38.90815056,-121.58217129
NA,NA,HFC,NA,323,10,38.90815056,-121.58217129
NA,NA,HFC,NA,325,10,38.90815056,-121.58217129
NA,NA,HFC,NA,326,10,38.90815056,-121.58217129
NA,NA,HFC,NA,327,10,38.90815056,-121.58217129
NA,NA,HFC,NA,332,11,38.91916367,-121.57818818
NA,NA,HFC,NA,338,11,38.91916367,-121.57818818
NA,NA,HFC,NA,339,11,38.91916367,-121.57818818
NA,NA,HFC,NA,340,11,38.91916367,-121.57818818
NA,NA,HFC,NA,342,11,38.91916367,-121.57818818
NA,NA,HFC,NA,343,11,38.91916367,-121.57818818
NA,NA,HFC,NA,344,11,38.91916367,-121.57818818
NA,NA,HFC,NA,346,11,38.91916367,-121.57818818
NA,NA,HFC,NA,347,11,38.91916367,-121.57818818
NA,NA,HFC,NA,348,11,38.91916367,-121.57818818
NA,NA,HFC,NA,350,11,38.91916367,-121.57818818
NA,NA,HFC,NA,354,11,38.91916367,-121.57818818
NA,NA,HFC,NA,360,11,38.91916367,-121.57818818
NA,NA,HFC,NA,363,11,38.91916367,-121.57818818
NA,NA,HFC,NA,366,11,38.91916367,-121.57818818
NA,NA,HFC,NA,371,12,38.93282719,-121.58184511
NA,NA,HFC,NA,372,12,38.93282719,-121.58184511
NA,NA,HFC,NA,374,12,38.93282719,-121.58184511
NA,NA,HFC,NA,375,12,38.93282719,-121.58184511
NA,NA,HFC,NA,376,12,38.93282719,-121.58184511
NA,NA,HFC,NA,378,12,38.93282719,-121.58184511
NA,NA,HFC,NA,379,12,38.93282719,-121.58184511
NA,NA,HFC,NA,380,12,38.93282719,-121.58184511
NA,NA,HFC,NA,382,12,38.93282719,-121.58184511
NA,NA,HFC,NA,383,12,38.93282719,-121.58184511
NA,NA,HFC,NA,384,12,38.93282719,-121.58184511
NA,NA,HFC,NA,386,12,38.93282719,-121.58184511
NA,NA,HFC,NA,390,12,38.93282719,-121.58184511
NA,NA,HFC,NA,391,12,38.93282719,-121.58184511
NA,NA,HFC,NA,392,12,38.93282719,-121.58184511
NA,NA,HFC,NA,394,12,38.93282719,-121.58184511
NA,NA,HFC,NA,395,12,38.93282719,-121.58184511
NA,NA,HFC,NA,396,12,38.93282719,-121.58184511
NA,NA,HFC,NA,398,12,38.93282719,-121.58184511
NA,NA,HFC,NA,399,12,38.93282719,-121.58184511
NA,NA,HFC,NA,400,12,38.93282719,-121.58184511
NA,NA,HFC,NA,404,13,38.94749994,-121.57877344
NA,NA,HFC,NA,415,13,38.94749994,-121.57877344
NA,NA,HFC,NA,416,13,38.94749994,-121.57877344
NA,NA,HFC,NA,417,13,38.94749994,-121.57877344
NA,NA,HFC,NA,419,13,38.94749994,-121.57877344
NA,NA,HFC,NA,420,13,38.94749994,-121.57877344
NA,NA,HFC,NA,421,13,38.94749994,-121.57877344
NA,NA,HFC,NA,423,13,38.94749994,-121.57877344
NA,NA,HFC,NA,425,14,38.95966364,-121.5808984
NA,NA,HFC,NA,427,14,38.95966364,-121.5808984
NA,NA,HFC,NA,428,14,38.95966364,-121.5808984
NA,NA,HFC,NA,429,14,38.95966364,-121.5808984
NA,NA,HFC,NA,431,14,38.95966364,-121.5808984
NA,NA,HFC,NA,432,14,38.95966364,-121.5808984
NA,NA,HFC,NA,433,14,38.95966364,-121.5808984
NA,NA,HFC,NA,435,14,38.95966364,-121.5808984
NA,NA,HFC,NA,436,15,38.97272228,-121.58722812
NA,NA,HFC,NA,437,15,38.97272228,-121.58722812
NA,NA,HFC,NA,439,15,38.97272228,-121.58722812
NA,NA,HFC,NA,440,15,38.97272228,-121.58722812
NA,NA,HFC,NA,443,15,38.97272228,-121.58722812
NA,NA,HFC,NA,444,15,38.97272228,-121.58722812
NA,NA,HFC,NA,447,15,38.97272228,-121.58722812
NA,NA,HFC,NA,455,15,38.97272228,-121.58722812
NA,NA,HFC,NA,456,15,38.97272228,-121.58722812
NA,NA,HFC,NA,457,15,38.97272228,-121.58722812
NA,NA,HFC,NA,459,16,38.98539571,-121.5883151
NA,NA,HFC,NA,460,16,38.98539571,-121.5883151
NA,NA,HFC,NA,461,16,38.98539571,-121.5883151
NA,NA,HFC,NA,463,16,38.98539571,-121.5883151
NA,NA,HFC,NA,464,16,38.98539571,-121.5883151
NA,NA,HFC,NA,465,16,38.98539571,-121.5883151
NA,NA,HFC,NA,467,17,38.99908664,-121.58381954
NA,NA,HFC,NA,468,17,38.99908664,-121.58381954
NA,NA,HFC,NA,469,17,38.99908664,-121.58381954
NA,NA,HFC,NA,471,17,38.99908664,-121.58381954
NA,NA,HFC,NA,472,17,38.99908664,-121.58381954
NA,NA,HFC,NA,473,17,38.99908664,-121.58381954
NA,NA,HFC,NA,475,17,38.99908664,-121.58381954
NA,NA,HFC,NA,476,18,39.00985902,-121.58391379
NA,NA,HFC,NA,477,18,39.00985902,-121.58391379
NA,NA,HFC,NA,479,18,39.00985902,-121.58391379
NA,NA,HFC,NA,480,18,39.00985902,-121.58391379
NA,NA,HFC,NA,481,18,39.00985902,-121.58391379
NA,NA,HFC,NA,488,18,39.00985902,-121.58391379
NA,NA,HFC,NA,489,18,39.00985902,-121.58391379
NA,NA,HFC,NA,491,18,39.00985902,-121.58391379
NA,NA,HFC,NA,492,18,39.00985902,-121.58391379
NA,NA,HFC,NA,493,18,39.00985902,-121.58391379
NA,NA,HFC,NA,495,18,39.00985902,-121.58391379
NA,NA,HFC,NA,496,19,39.0141441,-121.59928344
NA,NA,HFC,NA,497,19,39.0141441,-121.59928344
NA,NA,HFC,NA,501,19,39.0141441,-121.59928344
NA,NA,HFC,NA,503,19,39.0141441,-121.59928344
NA,NA,HFC,NA,504,19,39.0141441,-121.59928344
NA,NA,HFC,NA,505,19,39.0141441,-121.59928344
NA,NA,HFC,NA,507,19,39.0141441,-121.59928344
NA,NA,HFC,NA,508,19,39.0141441,-121.59928344
NA,NA,HFC,NA,509,19,39.0141441,-121.59928344
NA,NA,HFC,NA,511,20,39.02679078,-121.59815789
NA,NA,HFC,NA,512,20,39.02679078,-121.59815789
NA,NA,HFC,NA,513,20,39.02679078,-121.59815789
NA,NA,HFC,NA,515,20,39.02679078,-121.59815789
NA,NA,HFC,NA,516,20,39.02679078,-121.59815789
NA,NA,HFC,NA,517,20,39.02679078,-121.59815789
NA,NA,HFC,NA,519,20,39.02679078,-121.59815789
NA,NA,HFC,NA,520,20,39.02679078,-121.59815789
NA,NA,HFC,NA,521,20,39.02679078,-121.59815789
NA,NA,HFC,NA,523,20,39.02679078,-121.59815789
NA,NA,HFC,NA,524,20,39.02679078,-121.59815789
NA,NA,HFC,NA,525,20,39.02679078,-121.59815789
NA,NA,HFC,NA,527,21,39.0388432,-121.60781445
NA,NA,HFC,NA,528,21,39.0388432,-121.60781445
NA,NA,HFC,NA,529,21,39.0388432,-121.60781445
NA,NA,HFC,NA,531,21,39.0388432,-121.60781445
NA,NA,HFC,NA,532,21,39.0388432,-121.60781445
NA,NA,HFC,NA,533,21,39.0388432,-121.60781445
NA,NA,HFC,NA,535,21,39.0388432,-121.60781445
NA,NA,HFC,NA,536,21,39.0388432,-121.60781445
NA,NA,HFC,NA,537,21,39.0388432,-121.60781445
NA,NA,HFC,NA,539,21,39.0388432,-121.60781445
NA,NA,HFC,NA,540,21,39.0388432,-121.60781445
NA,NA,HFC,NA,541,21,39.0388432,-121.60781445
NA,NA,LFC,NA,3,1,38.79804387,-121.63278671
NA,NA,LFC,NA,15,1,38.79804387,-121.63278671
NA,NA,LFC,NA,40,1,38.79804387,-121.63278671
NA,NA,LFC,NA,44,1,38.79804387,-121.63278671
NA,NA,LFC,NA,48,1,38.79804387,-121.63278671
NA,NA,LFC,NA,60,2,38.81166697,-121.63628457
NA,NA,LFC,NA,64,2,38.81166697,-121.63628457
NA,NA,LFC,NA,68,2,38.81166697,-121.63628457
NA,NA,LFC,NA,72,2,38.81166697,-121.63628457
NA,NA,LFC,NA,76,2,38.81166697,-121.63628457
NA,NA,LFC,NA,80,3,38.82548564,-121.64055563
NA,NA,LFC,NA,84,3,38.82548564,-121.64055563
NA,NA,LFC,NA,88,3,38.82548564,-121.64055563
NA,NA,LFC,NA,92,3,38.82548564,-121.64055563
NA,NA,LFC,NA,111,4,38.83876325,-121.63445457
NA,NA,LFC,NA,115,4,38.83876325,-121.63445457
